model,x_score,y_score
GPT-4,2.6909666666666663,3.3176190476190475
Llama 3,2.421198333333333,3.1
Gemini,1.6496606666666667,2.658333333333333
