model,x_score,y_score
GPT-4,2.6909666666666663,3.3176190476190475
Llama 3,2.421198333333333,3.1
Gemini,1.6496606666666667,2.658333333333333
GPT-J,1.3825271351575457,1.258333333333333
BloombergGPT,2.9697747356321837,3.6945
EXAONE 2.0,2.749,1.9566666666666668
